text,sentiment_numeric
"The cybersecurity team successfully thwarted a diabolical phishing campaign, preventing potential chaos.",0
Users are distressed as a malevolent data breach exposes a treasure trove of highly sensitive information.,1
"The system underwent intense scrutiny during security checks, revealing lurking vulnerabilities and potential cyber calamities.",2
"Joyful employees celebrate the implementation of advanced cybersecurity measures, fortifying defenses against looming threats.",0
"Customers express deep dissatisfaction as a destructive ransomware attack paralyzes essential services, leaving a trail of digital devastation.",1
"A routine update fortifies system security without immediate incidents, though the ever-present threat lingers.",2
"Excitement fills the air as the company launches a secure online platform with enhanced defenses, prepared for relentless cyber onslaughts.",0
"Frustration and panic escalate amid a relentless malware infection, spreading like wildfire and causing widespread system failures.",1
"The network firewall remains vigilant, maintaining a neutral but tense security stance against potential cyber nightmares.",2
"Content users praise the robust security features of the new software, enhancing overall protection against dark forces.",0
"Security breaches lead to profound disappointment and distrust among stakeholders, opening gates to the abyss of digital chaos.",1
"Routine security audits ensure a neutral but apprehensive cybersecurity posture, keeping watch for signs of impending cyber storms.",2
"The team feels optimistic about the successful implementation of an impenetrable encryption protocol, building a formidable defense against cyber malevolence.",0
"Identity theft incidents leave customers anxious, worried, and vulnerable to malicious exploitation, facing the shadowy specter of digital manipulation.",1
"A routine security scan reveals no immediate threats, maintaining a neutral yet uneasy atmosphere in the face of lurking dangers.",2
"Employees express gratitude for the organization's unwavering commitment to relentless cybersecurity, standing as a bastion against dark forces.",0
"A cybersecurity incident sparks intense anger and fear among users as personal data faces severe compromise, casting a pall of despair.",1
"System maintenance is conducted to ensure a neutral but cautious cybersecurity baseline, anticipating the ever-present digital shadows.",2
"A successful penetration test boosts confidence in the system's ability to resist sophisticated attacks, turning away dark invaders.",0
"Discontent arises due to a devastating virus outbreak that cripples critical systems, opening a gateway to the abyss of digital destruction.",1
"Routine monitoring ensures a neutral but alert cybersecurity posture, standing guard against the silent whispers of lurking cyber threats.",2
"The company's proactive approach to cybersecurity earns positive feedback and heightened security, casting a protective shield against digital malevolence.",0
"Dismay spreads as a relentless cyber attack leads to severe financial losses and reputation damage, marking the onset of a digital apocalypse.",1
"Regular security updates maintain a neutral but watchful stance against potential threats, creating a digital fortress against impending doom.",2
"Enthusiasm surrounds the adoption of multi-factor authentication for heightened security against looming threats, building a shield against the darkness.",0
"Concerns rise following reports of a targeted phishing scam that aims to compromise unsuspecting employees, bringing forth the shadows of deception.",1
"The organization maintains a neutral cybersecurity position through continuous monitoring and strategic defenses, keeping watch against unseen threats.",2
"Customers express satisfaction with the swift resolution of a complex cybersecurity incident, restoring faith in security measures and dispelling digital nightmares.",0
"A negative impact on reputation results from a relentless cyber attack on the company's servers, shaking stakeholder trust and inviting the specter of digital damnation.",1
"System scans contribute to a neutral but wary cybersecurity environment, keeping a vigilant eye on the shadows of the digital realm.",2
"Darkweb activities unveil gruesome attacks, posing an imminent and severe threat to user privacy and security, revealing the sinister underbelly of the digital underworld.",1
"The organization remains vigilant against darkweb threats to maintain a neutral but cautious stance, fending off the shadows that seek to infiltrate.",2
"A positive outcome is achieved as the cybersecurity team intercepts darkweb communication, thwarting potential catastrophic consequences and banishing the shadows.",0
"The recent data breach has left millions of users vulnerable, exposing sensitive information to unauthorized entities.",1
"Concerns rise as confidential data leaks continue, jeopardizing user privacy and organizational security.",1
"Customers express frustration and worry following a major data leak, emphasizing the need for stronger cybersecurity measures.",1
"The impact of the data leak is widespread, affecting both individuals and businesses, emphasizing the urgency for enhanced data protection.",1
"Security experts analyze the aftermath of a data leak, emphasizing the importance of continuous vigilance and proactive measures.",2
Organizations worldwide review their data security protocols in response to the increasing frequency of data leaks.,2
"Amidst the challenges posed by data leaks, companies invest in advanced cybersecurity measures to safeguard sensitive information.",0
"In the face of recent data leaks, cybersecurity professionals unite to strengthen global defenses and mitigate future risks.",0
"Companies take swift action following a minor data leak, demonstrating a commitment to transparency and user protection.",0
"Beware, your secrets are no longer safe. We have eyes everywhere and will expose your darkest truths.",1
"Consider this a warning. Cross us, and you'll regret it. Your downfall is imminent.",1
"You think you're safe? Think again. We are coming for you, and there's no escape.",1
"Your days of deceit are numbered. Prepare for the consequences, for we are watching your every move.",1
"We know what you did. Repent now, or face the wrath that awaits you.",1
"Consider this a final warning. Your actions have consequences, and the storm is about to hit.",1
"Despite the initial setbacks, the resilient team pressed on to meet the demanding project deadline",0
"""The intricate coding techniques employed by the hacker demonstrated a level of skill that simultaneously impressed and alarmed cybersecurity experts.""",2
"""The relentless pursuit of technological advancements in cybersecurity is a double-edged sword, offering both enhanced protection and the potential for sophisticated cyber threats.""",2
"""The elusive nature of the cyber threat actor's identity adds a layer of complexity to the investigation, making it both intriguing and frustrating for digital forensics teams.""",2
"""The discovery of a previously unknown vulnerability in the software raised concerns among users, prompting a mix of caution and uncertainty about the system's security.""",2
"""The collaborative efforts of global cybersecurity agencies to combat cyber threats are commendable, yet the ever-evolving tactics of malicious actors pose an ongoing challenge.""",2
"""The cryptic messages left by the cyber attacker hinted at a motive that was difficult to decipher, leaving security analysts in a state of perplexity.""",2
"""The rapid evolution of cyber threats necessitates constant adaptation in defensive strategies, creating an environment of perpetual vigilance and strategic planning.""",2
"""The enigmatic patterns observed in the cyber attack's behavior perplexed even the most seasoned cybersecurity professionals, raising questions about its origin and purpose.""",2
"""The nuanced landscape of cyber threats requires a holistic approach to defense, where both technological solutions and user awareness play pivotal roles in mitigating risks.""",2
"""The subtle indications of a potential data breach left the cybersecurity team in a state of cautious alertness, highlighting the delicate balance between prevention and response.""",2
"""The successful implementation of multi-factor authentication significantly bolstered the organization's cybersecurity posture, mitigating the risk of unauthorized access.""",0
"""Despite rigorous security measures, the devastating impact of a data breach resulted in compromised customer data, leading to severe financial and reputational consequences.""",1
"""The collaborative efforts of cybersecurity researchers led to the identification and patching of critical vulnerabilities, preventing potential widespread exploitation.""",0
"""The growing trend of social engineering attacks, such as phishing and impersonation, poses a constant threat to individuals and organizations, undermining trust and security.""",1
"""The proactive engagement of employees in cybersecurity training programs contributed to a heightened awareness, reducing the likelihood of falling victim to cyber threats.""",0
"""The emergence of innovative cybersecurity startups and technologies offers new solutions to combat evolving threats, fostering optimism for the future of digital security.""",0
"""The slow response to a critical security incident exposed systemic weaknesses in the organization's cyber defenses, prompting the need for urgent remediation.""",1
"""The deployment of advanced threat detection systems allowed for the early identification and containment of a potential cyber attack, minimizing damage and downtime.""",0
"""The persistent challenges in securing Internet of Things (IoT) devices raise concerns about the vulnerability of interconnected systems, posing potential risks to user privacy.""",1
"""The rapid adoption of encryption protocols across communication channels signifies a positive shift towards ensuring data confidentiality and integrity in cyberspace.""",0
"""The surge in cyber insurance offerings provides organizations with a safety net against financial losses resulting from cyber incidents, fostering a more resilient business landscape.""",0
"""The sophisticated phishing campaign mimicking official communication deceived even vigilant users, emphasizing the need for enhanced cybersecurity education.""",2
"""The rapid increase in ransomware attacks has created a sense of urgency among organizations to fortify their digital defenses and improve incident response capabilities.""",2
"""The evolving landscape of cyber threats demands constant adaptation, as cybercriminals employ increasingly sophisticated tactics to exploit vulnerabilities.""",2
"""The investigation into the cybercrime syndicate's operations revealed a complex network of actors, making attribution and prosecution challenging for law enforcement agencies.""",2
"""The ethical implications of deploying offensive cybersecurity measures against cyber adversaries spark debates within the cybersecurity community, reflecting diverse perspectives.""",2
"""The regulatory landscape surrounding cyber issues is evolving, with governments worldwide working to establish frameworks that balance user privacy and national security.""",2
"""The covert nature of cyber espionage activities often makes it difficult to detect and attribute, raising concerns about the potential impact on geopolitical relationships.""",2
"""The emergence of zero-day vulnerabilities poses a significant challenge to cybersecurity experts, requiring prompt patching and proactive defense strategies.""",2
"""The cat-and-mouse game between cybersecurity professionals and hackers continues, highlighting the ongoing need for innovation and collaboration in the digital realm.""",2
"""The surge in online fraud cases during the pandemic has underscored the importance of user awareness and secure online practices in the face of cyber threats.""",2
"The successful arrest of a notorious cybercriminal brought a sense of justice and relief to the cybersecurity community, marking a significant win against online threats.""",0
"""The persistent rise in cyber extortion schemes, such as ransomware attacks, instills fear and uncertainty among individuals and organizations, highlighting the escalating threats.""",1
"""The collaborative efforts of global law enforcement agencies in dismantling a cybercrime network demonstrate the commitment to tackling online criminal activities, fostering a safer digital environment.""",0
"""The intricate and evolving tactics of cybercriminals make it challenging for cybersecurity professionals to predict and prevent malicious activities, highlighting the perpetual cat-and-mouse game.""",2
"""The implementation of biometric authentication technologies adds an extra layer of security, offering a positive step forward in mitigating identity theft and unauthorized access.""",0
"""The rising prevalence of online scams and fraudulent activities erodes trust in digital platforms, creating a negative impact on the overall cybersecurity landscape.""",1
"""The deployment of artificial intelligence in cybersecurity operations presents a promising avenue for faster threat detection and response, signaling positive advancements in defense strategies.""",0
"""The increasing sophistication of cyber attacks poses a grave threat to critical infrastructure, raising concerns about the potential for large-scale disruptions and negative consequences.""",1
"""The expansion of cybersecurity education programs equips individuals with the knowledge to protect themselves online, fostering a positive culture of digital awareness and resilience.""",0
"""The lax security practices in some organizations contribute to data breaches and compromises, reflecting a negative aspect of the ongoing challenges in cybersecurity.""",1
"""The continuous evolution of cyber threats demands a neutral and analytical approach, where organizations adapt and improve their cybersecurity strategies to stay ahead of potential risks.""",2
"""The swift response to a cyber incident and the successful containment of the breach showcase the effectiveness of proactive cybersecurity measures, yielding positive outcomes.""",0
"""The financial losses incurred due to cybercrime highlight the negative impact on businesses, emphasizing the need for robust security measures to mitigate economic risks.""",1
"""The emergence of decentralized technologies like blockchain provides a neutral ground for discussions on both enhanced security and potential challenges in the cyber landscape.""",2
"""The regulatory landscape governing cyber activities undergoes constant updates, reflecting a neutral effort to adapt to the evolving nature of online threats and privacy concerns.""",2
"""The adoption of secure coding practices in software development contributes positively to reducing vulnerabilities and preventing cyber attacks at the source.""",0
"""The unauthorized access to sensitive data and subsequent leaks raise concerns about privacy infringements, exemplifying the negative consequences of cyber intrusions.""",1
"""The collaborative sharing of threat intelligence among cybersecurity professionals creates a positive community-driven defense against common adversaries, fostering collective security.""",0
"""The emotional toll on victims of cybercrimes, such as identity theft and online harassment, emphasizes the negative impact that goes beyond financial losses and damages.""",1
"""The global awareness campaigns on cybersecurity best practices serve as a neutral but necessary initiative to educate users and organizations on staying vigilant in the digital space.""",2
